{
  "project_info": {
    "project_number": "710339771516",
    "project_id": "e-wishes",
    "storage_bucket": "e-wishes.appspot.com"
  },
  "client": [
    {
      "client_info": {
        "mobilesdk_app_id": "1:710339771516:android:5d60fb392a57f05b801df9",
        "android_client_info": {
          "package_name": "com.ajs.ewishes.ewishes"
        }
      },
      "oauth_client": [
        {
          "client_id": "710339771516-l8ps8tfretcj1fm2o85m8qt361lo66m0.apps.googleusercontent.com",
          "client_type": 1,
          "android_info": {
            "package_name": "com.ajs.ewishes.ewishes",
            "certificate_hash": "72e998e76f46afc601bfd1363d0e15d8684ba93b"
          }
        },
        {
          "client_id": "710339771516-egc2k4fipqbevniq61fieu51dejtr3f5.apps.googleusercontent.com",
          "client_type": 3
        }
      ],
      "api_key": [
        {
          "current_key": "AIzaSyA2S7IrAvTf_LOSuXOojORVjOu6vidGk4U"
        }
      ],
      "services": {
        "appinvite_service": {
          "other_platform_oauth_client": [
            {
              "client_id": "710339771516-egc2k4fipqbevniq61fieu51dejtr3f5.apps.googleusercontent.com",
              "client_type": 3
            }
          ]
        }
      }
    }
  ],
  "configuration_version": "1"
}